{"data":[{"author":"Yuriy Galanter","capabilities":["location","configurable"],"category_id":"528d3ef2dc7b5f580700000a","category_name":"Faces","category_color":"ffffff","changelog":[{"version":"2.29","published_date":"2016-09-09T18:57:42.183Z","release_notes":"- added support for Pebble 2/Diorite and Timeline quick view"},{"version":"2.28","published_date":"2016-06-10T19:09:06.217Z","release_notes":"- switched to EffectLayer package"},{"version":"2.26","published_date":"2016-05-18T15:32:58.625Z","release_notes":"- updated Polish chars\r\n- removed focus routines"},{"version":"2.25","published_date":"2016-05-16T16:26:03.734Z","release_notes":"- added Polish support;\r\n- improved display of non-ASCII chars"},{"version":"2.24","published_date":"2016-04-07T17:37:56.560Z","release_notes":"- cosmetics for PTR"},{"version":"2.22","published_date":"2016-03-25T20:57:58.496Z","release_notes":"- restored manual location"},{"version":"2.21","published_date":"2016-03-25T14:24:45.819Z","release_notes":"- switched weather service to forecast.io"},{"version":"2.20","published_date":"2016-03-15T17:55:35.721Z","release_notes":"- moved config to git hosting"},{"version":"2.19","published_date":"2016-03-01T18:10:31.519Z","release_notes":"- Updated PT icon"},{"version":"2.18","published_date":"2016-02-25T05:02:06.795Z","release_notes":"- BT alert now has range of vibe selections"},{"version":"2.17","published_date":"2016-01-29T21:09:34.559Z","release_notes":"- more precise auto-geolocation (at actual town level)"},{"version":"2.16","published_date":"2016-01-25T21:21:17.347Z","release_notes":"- fixed problem with Yahoo geolocation for weather"},{"version":"2.15","published_date":"2016-01-08T16:57:48.932Z","release_notes":"- even better fix for restoring effect layer after coming back from a notification"},{"version":"2.14","published_date":"2016-01-08T03:16:33.635Z","release_notes":"- additional fix for correct display of inverter layer after notifications"},{"version":"2.13","published_date":"2016-01-07T20:02:56.843Z","release_notes":"- fix for PTR not refreshing inverter layer on coming back from notifications"},{"version":"2.12","published_date":"2015-12-22T02:56:24.602Z","release_notes":"- updated watch icons, again"},{"version":"2.11","published_date":"2015-12-21T21:18:24.419Z","release_notes":"- updated watch icons; recompiled in SDK3"},{"version":"2.10","published_date":"2015-11-01T15:54:14.974Z","release_notes":"- removed dashes in standard date formats"},{"version":"2.07","published_date":"2015-10-27T20:48:39.654Z","release_notes":"- now forcing invert layer to refresh when face resumes focus"},{"version":"2.06","published_date":"2015-10-20T03:56:16.538Z","release_notes":"- added Catalanan & Malay languages"}],"companions":{"ios":null,"android":null},"compatibility":{"ios":{"supported":true,"min_js_version":-1},"android":{"supported":true},"aplite":{"supported":true,"firmware":{"major":2}},"basalt":{"supported":true,"firmware":{"major":3}},"chalk":{"supported":true,"firmware":{"major":3}},"diorite":{"supported":true,"firmware":{"major":3}},"emery":{"supported":true,"firmware":{"major":3}}},"created_at":"2015-10-08T21:20:29.815Z","description":"Design and Art Direction by Paul Joel - www.pauljoel.com\r\n\r\nSimple and clean watchface featuring large date and time as well as current temperature and weather condition. Battery percentage represented both by number and color of the top line. Bottom line indicates Bluetooth connection, it disappears upon Bluetooth disconnect.\r\n \r\nConfigurable option include date, time and temperature format as well as vibe on Bluetooth disconnect and color inversion. \r\n\r\nMulti-language support.\r\n\r\nYou will need to get free key for weather services at https://developer.forecast.io - this is one time procedure","developer_id":"52f547605101128b2200005a","header_images":"","hearts":1102,"id":"5616de1d7bc7a6ef0a000026","latest_release":{"id":"57d3054da789e14cf30002ad","js_md5":"b987489581d054fd12ed5b1214d2dda2","js_version":-1,"pbw_file":"https://www.filepicker.io/api/file/mEOwNjZLSl6wSVUiJRTN","published_date":"2016-09-09T18:57:42.183Z","release_notes":"- added support for Pebble 2/Diorite and Timeline quick view","version":"2.29"},"links":{"add":"https://dev-portal.getpebble.com/api/applications/5616de1d7bc7a6ef0a000026/add","remove":"https://dev-portal.getpebble.com/api/applications/5616de1d7bc7a6ef0a000026/remove","add_heart":"https://dev-portal.getpebble.com/api/applications/5616de1d7bc7a6ef0a000026/add_heart","remove_heart":"https://dev-portal.getpebble.com/api/applications/5616de1d7bc7a6ef0a000026/remove_heart","add_flag":"https://dev-portal.getpebble.com/api/applications/5616de1d7bc7a6ef0a000026/flags/add","remove_flag":"https://dev-portal.getpebble.com/api/applications/5616de1d7bc7a6ef0a000026/flags/remove","share":"https://apps.getpebble.com/applications/5616de1d7bc7a6ef0a000026"},"list_image":{"80x80":"https://assets.getpebble.com/api/file/y6XjeW8jTBaEbBoAQGKm/convert?cache=true&fit=crop&w=80&h=80","144x144":"https://assets.getpebble.com/api/file/y6XjeW8jTBaEbBoAQGKm/convert?cache=true&fit=crop&w=144&h=144"},"published_date":"2015-10-08T21:25:58.318Z","screenshot_hardware":"basalt","screenshot_images":[{"144x168":"https://assets.getpebble.com/api/file/y6XjeW8jTBaEbBoAQGKm/convert?cache=true&fit=crop&w=144&h=168"},{"144x168":"https://assets.getpebble.com/api/file/f0C5jxAtRCSwA1nlIMKw/convert?cache=true&fit=crop&w=144&h=168"},{"144x168":"https://assets.getpebble.com/api/file/GP1ADuV8SMumzrs2JhA0/convert?cache=true&fit=crop&w=144&h=168"},{"144x168":"https://assets.getpebble.com/api/file/voHpTQWbTp2udPY1unXd/convert?cache=true&fit=crop&w=144&h=168"}],"source":"","title":"Clean & Smart","type":"watchface","uuid":"4d4935d2-a1bb-407e-bb71-d4ed5cae4861","website":""}],"limit":20,"offset":0,"links":{"nextPage":null}}