{
    "targetPlatforms": [
        "aplite", 
        "basalt", 
        "chalk", 
        "diorite"
    ], 
    "projectType": "native", 
    "messageKeys": {
        "KEY_HOURS_MINUTES_SEPARATOR": 4, 
        "KEY_TEMPERATURE_FORMAT": 3, 
        "KEY_LOCATION_SERVICE": 8, 
        "KEY_LANGUAGE": 10, 
        "KEY_DATE_FORMAT": 5, 
        "KEY_WEATHER_INTERVAL": 9, 
        "KEY_JSREADY": 2, 
        "KEY_BLUETOOTH_ALERT": 7, 
        "KEY_WEATHER_CODE": 0, 
        "KEY_WEATHER_TEMP": 1, 
        "KEY_INVERT_COLORS": 6
    }, 
    "companyName": "yuri@galanter.net", 
    "enableMultiJS": true, 
    "watchapp": {
        "watchface": true
    }, 
    "versionLabel": "2.29", 
    "longName": "Clean&Smart", 
    "shortName": "Clean&Smart", 
    "name": "clean-smart", 
    "sdkVersion": "3", 
    "displayName": "Clean&Smart", 
    "uuid": "4d4935d2-a1bb-407e-bb71-d4ed5cae4861", 
    "appKeys": {
        "KEY_HOURS_MINUTES_SEPARATOR": 4, 
        "KEY_TEMPERATURE_FORMAT": 3, 
        "KEY_LOCATION_SERVICE": 8, 
        "KEY_LANGUAGE": 10, 
        "KEY_DATE_FORMAT": 5, 
        "KEY_WEATHER_INTERVAL": 9, 
        "KEY_JSREADY": 2, 
        "KEY_BLUETOOTH_ALERT": 7, 
        "KEY_WEATHER_CODE": 0, 
        "KEY_WEATHER_TEMP": 1, 
        "KEY_INVERT_COLORS": 6
    }, 
    "capabilities": [
        "location", 
        "configurable"
    ], 
    "resources": {
        "media": [
            {
                "targetPlatforms": null, 
                "type": "font", 
                "name": "BIG_NOODLE_ENG_19", 
                "file": "fonts/big_noodle_titling.ttf"
            }, 
            {
                "targetPlatforms": null, 
                "type": "font", 
                "name": "BIG_NOODLE_ENG_20", 
                "file": "fonts/big_noodle_titling.ttf"
            }, 
            {
                "targetPlatforms": null, 
                "type": "font", 
                "name": "BIG_NOODLE_ENG_26", 
                "file": "fonts/big_noodle_titling.ttf"
            }, 
            {
                "targetPlatforms": null, 
                "type": "font", 
                "name": "BIG_NOODLE_ENG_30", 
                "file": "fonts/big_noodle_titling.ttf"
            }, 
            {
                "type": "font", 
                "targetPlatforms": null, 
                "characterRegex": "[0-9:.amp ]", 
                "name": "BIG_NOODLE_ENG_69", 
                "file": "fonts/big_noodle_titling.ttf"
            }, 
            {
                "targetPlatforms": null, 
                "type": "bitmap", 
                "menuIcon": true, 
                "file": "images/icon_aplite.png", 
                "name": "MENU"
            }, 
            {
                "type": "bitmap", 
                "name": "METEOICONS", 
                "file": "images/meteocons_Yahoo_Order_V2.png"
            }, 
            {
                "targetPlatforms": null, 
                "type": "font", 
                "name": "BIG_NOODLE_19", 
                "file": "fonts/Big_Noodle_Titling_Cyr.ttf"
            }, 
            {
                "targetPlatforms": null, 
                "type": "font", 
                "name": "BIG_NOODLE_20", 
                "file": "fonts/Big_Noodle_Titling_Cyr.ttf"
            }, 
            {
                "targetPlatforms": null, 
                "type": "font", 
                "name": "BIG_NOODLE_26", 
                "file": "fonts/Big_Noodle_Titling_Cyr.ttf"
            }, 
            {
                "targetPlatforms": null, 
                "type": "font", 
                "name": "BIG_NOODLE_30", 
                "file": "fonts/Big_Noodle_Titling_Cyr.ttf"
            }, 
            {
                "type": "font", 
                "targetPlatforms": null, 
                "characterRegex": "[0-9:.amp ]", 
                "name": "BIG_NOODLE_69", 
                "file": "fonts/Big_Noodle_Titling_Cyr.ttf"
            }
        ]
    }
}